{"lr":0.0001,"val_acc":85.30066815144767,"val_loss":1.6570759799515238,"train_loss":0.04133306919643839,"val_balanced_acc":84.49877561678804,"_step":32,"epoch":33,"_runtime":8602,"val_macro_auc":0.9513714659418708,"_wandb":{"runtime":8602},"train_acc":98.96907216494846,"_timestamp":1.7713152674662864e+09}