{"epoch":36,"_wandb":{"runtime":7959},"val_balanced_acc":86.5074481959578,"train_loss":0.03551982865155288,"val_acc":87.22139673105498,"lr":0.0001,"train_acc":98.94904458598727,"val_macro_auc":0.9614545947673335,"_runtime":7959,"val_loss":1.098891781308814,"_timestamp":1.7712925314793155e+09,"_step":35}