{"val_loss":1.2275093694334132,"val_acc":88.85172798216277,"_runtime":8838,"val_balanced_acc":88.3012456752165,"train_loss":0.06175889151691415,"lr":0.0001,"_step":33,"train_acc":98.80222841225627,"_wandb":{"runtime":8838},"val_macro_auc":0.9648668025432742,"_timestamp":1.771342321551883e+09,"epoch":34}