{"_timestamp":1.771306667360974e+09,"train_acc":98.71830593480078,"_step":33,"train_loss":0.050441452524563626,"val_loss":0.9194455104011242,"epoch":34,"val_macro_auc":0.9750063432109703,"lr":0.0001,"val_acc":89.30957683741649,"val_balanced_acc":88.74999761976848,"_wandb":{"runtime":8726},"_runtime":8726}