{"val_loss":1.4042507738108299,"val_macro_auc":0.9597676816611962,"val_balanced_acc":85.14773620941467,"_runtime":8196,"val_acc":85.95317725752508,"epoch":31,"_step":30,"lr":0.0001,"_timestamp":1.7713334844973311e+09,"train_loss":0.05579901146162193,"train_acc":98.71866295264624,"_wandb":{"runtime":8196}}