{"val_acc":89.29765886287625,"val_macro_auc":0.9664099173477435,"epoch":38,"_timestamp":1.7713252822172177e+09,"train_loss":0.07648805520619009,"_wandb":{"runtime":10013},"val_loss":1.0658576819787176,"lr":0.0001,"_step":37,"val_balanced_acc":88.6532584048112,"train_acc":98.24512534818942,"_runtime":10013}